Workbook

Sheet Bookings_Data
A1: Booking_ID | B1: User_ID | C1: Location_ID | D1: Slot_ID | E1: Vehicle_Number | F1: Vehicle_Type | G1: Start_Time | H1: Expected_End_Time | I1: Duration_Hours | J1: Base_Amount | K1: Surge_Multiplier | L1: Surge_Amount | M1: Convenience_Fee | N1: Total_Amount | O1: Status | P1: Payment_Status
A2: BK-2026-0001 | B2: USR-1008 | C2: LOC-102 | D2: SLOT-B-202 | E2: DL02BE1001 | F2: car | G2: 2026-10-17T07:41:00.000Z | H2: 2026-10-17T09:11:00.000Z | I2: 1.5 | J2: 75 | K2: 1 | L2: 0 | M2: 10 | N2: 85 | O2: COMPLETED | P2: paid
A3: BK-2026-0002 | B3: USR-1015 | C3: LOC-103 | D3: SLOT-C-303 | E3: DL03CF1002 | F3: car | G3: 2026-10-04T12:52:00.000Z | H3: 2026-10-04T14:52:00.000Z | I3: 2 | J3: 120 | K3: 1.25 | L3: 30 | M3: 10 | N3: 160 | O3: COMPLETED | P3: paid
A4: BK-2026-0003 | B4: USR-1022 | C4: LOC-104 | D4: SLOT-D-104 | E4: DL04DG1003 | F4: bike | G4: 2026-09-21T04:03:00.000Z | H4: 2026-09-21T06:33:00.000Z | I4: 2.5 | J4: 38 | K4: 1.25 | L4: 10 | M4: 10 | N4: 58 | O4: COMPLETED | P4: paid
A5: BK-2026-0004 | B5: USR-1029 | C5: LOC-105 | D5: SLOT-A-205 | E5: DL05EH1004 | F5: bike | G5: 2026-09-08T12:14:00.000Z | H5: 2026-09-08T15:14:00.000Z | I5: 3 | J5: 30 | K5: 1.25 | L5: 8 | M5: 10 | N5: 48 | O5: COMPLETED | P5: paid
A6: BK-2026-0005 | B6: USR-1036 | C6: LOC-101 | D6: SLOT-B-306 | E6: DL06FI1005 | F6: ev | G6: 2026-08-26T14:25:00.000Z | H6: 2026-08-26T15:25:00.000Z | I6: 1 | J6: 50 | K6: 1.25 | L6: 13 | M6: 10 | N6: 73 | O6: CANCELLED | P6: refunded
A7: BK-2026-0006 | B7: USR-1043 | C7: LOC-102 | D7: SLOT-C-107 | E7: DL07GJ1006 | F7: truck | G7: 2026-08-13T03:36:00.000Z | H7: 2026-08-13T05:06:00.000Z | I7: 1.5 | J7: 135 | K7: 1.25 | L7: 34 | M7: 10 | N7: 179 | O7: ACTIVE | P7: paid
A8: BK-2026-0007 | B8: USR-1050 | C8: LOC-103 | D8: SLOT-D-208 | E8: DL08HK1007 | F8: car | G8: 2026-10-29T09:47:00.000Z | H8: 2026-10-29T11:47:00.000Z | I8: 2 | J8: 120 | K8: 1 | L8: 0 | M8: 10 | N8: 130 | O8: NO_SHOW | P8: failed
A9: BK-2026-0008 | B9: USR-1057 | C9: LOC-104 | D9: SLOT-A-309 | E9: DL09IL1008 | F9: car | G9: 2026-10-16T11:58:00.000Z | H9: 2026-10-16T14:28:00.000Z | I9: 2.5 | J9: 88 | K9: 1.25 | L9: 22 | M9: 10 | N9: 120 | O9: EXPIRED | P9: paid
A10: BK-2026-0009 | B10: USR-1064 | C10: LOC-105 | D10: SLOT-B-110 | E10: DL10JM1009 | F10: car | G10: 2026-10-03T04:09:00.000Z | H10: 2026-10-03T07:09:00.000Z | I10: 3 | J10: 90 | K10: 1.25 | L10: 23 | M10: 10 | N10: 123 | O10: COMPLETED | P10: paid
A11: BK-2026-0010 | B11: USR-1071 | C11: LOC-101 | D11: SLOT-C-211 | E11: DL11KN1010 | F11: bike | G11: 2026-09-20T11:20:00.000Z | H11: 2026-09-20T12:20:00.000Z | I11: 1 | J11: 20 | K11: 1 | L11: 0 | M11: 10 | N11: 5 | O11: COMPLETED | P11: paid
A12: BK-2026-0011 | B12: USR-1078 | C12: LOC-102 | D12: SLOT-D-312 | E12: DL12LO1011 | F12: bike | G12: 2026-09-07T15:31:00.000Z | H12: 2026-09-07T17:01:00.000Z | I12: 1.5 | J12: 38 | K12: 1 | L12: 0 | M12: 10 | N12: 48 | O12: COMPLETED | P12: paid
A13: BK-2026-0012 | B13: USR-1085 | C13: LOC-103 | D13: SLOT-A-113 | E13: DL01MP1012 | F13: ev | G13: 2026-08-25T11:42:00.000Z | H13: 2026-08-25T13:42:00.000Z | I13: 2 | J13: 140 | K13: 1.25 | L13: 35 | M13: 10 | N13: 185 | O13: COMPLETED | P13: paid
... A501: BK-2026-0500 | B501: USR-1016 | C501: LOC-101 | D501: SLOT-A-301 | E501: DL09GJ1500 | F501: bike | G501: 2026-10-10T12:10:00.000Z | H501: 2026-10-10T13:10:00.000Z | I501: 1 | J501: 20 | K501: 1.25 | L501: 5 | M501: 10 | N501: 10 | O501: CANCELLED | P501: refunded

Sheet Customers
A1: User_ID | B1: Name | C1: Email | D1: Phone | E1: Role | F1: Reward_Points | G1: Created_At
A2: USR-1001 | B2: Aarav Reddy | C2: aarav.reddy1@parkpulse.io | D2: +91 9881209174 | E2: ADMIN | F2: 688 | G2: 2026-07-31T16:26:07.391Z
A3: USR-1002 | B3: Vivaan Iyer | C3: vivaan.iyer2@parkpulse.io | D3: +91 9820407017 | E3: GATEKEEPER | F3: 733 | G3: 2026-07-30T16:26:07.396Z
A4: USR-1003 | B4: Aditya Chopra | C4: aditya.chopra3@parkpulse.io | D4: +91 9898824790 | E4: USER | F4: 660 | G4: 2026-07-29T16:26:07.396Z
A5: USR-1004 | B5: Vihaan Deshmukh | C5: vihaan.deshmukh4@parkpulse.io | D5: +91 9886525195 | E5: USER | F5: 549 | G5: 2026-07-28T16:26:07.396Z
A6: USR-1005 | B6: Arjun Kapoor | C6: arjun.kapoor5@parkpulse.io | D6: +91 9819459878 | E6: USER | F6: 754 | G6: 2026-07-27T16:26:07.396Z
A7: USR-1006 | B7: Sai Sen | C7: sai.sen6@parkpulse.io | D7: +91 9817127158 | E7: USER | F7: 772 | G7: 2026-07-26T16:26:07.396Z
A8: USR-1007 | B8: Reyansh Verma | C8: reyansh.verma7@parkpulse.io | D8: +91 9885257801 | E8: USER | F8: 0 | G8: 2026-07-25T16:26:07.396Z
A9: USR-1008 | B9: Ayaan Mehta | C9: ayaan.mehta8@parkpulse.io | D9: +91 9814225451 | E9: USER | F9: 459 | G9: 2026-07-24T16:26:07.396Z
A10: USR-1009 | B10: Krishna Gupta | C10: krishna.gupta9@parkpulse.io | D10: +91 9840405546 | E10: USER | F10: 440 | G10: 2026-07-23T16:26:07.396Z
A11: USR-1010 | B11: Ishaan Malhotra | C11: ishaan.malhotra10@parkpulse.io | D11: +91 9888326723 | E11: USER | F11: 130 | G11: 2026-07-22T16:26:07.396Z
A12: USR-1011 | B12: Shaurya Joshi | C12: shaurya.joshi11@parkpulse.io | D12: +91 9863549956 | E12: USER | F12: 664 | G12: 2026-07-21T16:26:07.396Z
A13: USR-1012 | B13: Ananya Das | C13: ananya.das12@parkpulse.io | D13: +91 9827632329 | E13: USER | F13: 73 | G13: 2026-07-20T16:26:07.396Z
... A101: USR-1100 | B101: Ishaan Sharma | C101: ishaan.sharma100@parkpulse.io | D101: +91 9897627200 | E101: USER | F101: 310 | G101: 2026-04-23T16:26:07.396Z

Sheet Locations
A1: Location_ID | B1: Location_Code | C1: Facility_Name | D1: City | E1: Category | F1: Total_Capacity | G1: Rate_Car | H1: Rate_Bike | I1: Rate_EV
A2: LOC-101 | B2: CAMPUS | C2: University Campus Central | D2: New Delhi | E2: campus | F2: 120 | G2: 40 | H2: 20 | I2: 50
A3: LOC-102 | B3: MALL | C3: Central City Mall & Multiplex | D3: Noida | E3: mall | F3: 250 | G3: 50 | H3: 25 | I3: 60
A4: LOC-103 | B4: TECHPARK | C4: Cyber Heights Tech Park | D4: Bengaluru | E4: techpark | F4: 350 | G4: 60 | H4: 30 | I4: 70
A5: LOC-104 | B5: METRO | C5: Connaught Metro Intermodal Hub | D5: New Delhi | E5: metro | F5: 180 | G5: 35 | H5: 15 | I5: 45
A6: LOC-105 | B6: HOSPITAL | C6: Apollo Metro Care Hospital | D6: Gurugram | E6: hospital | F6: 150 | G6: 30 | H6: 10 | I6: 40

Sheet Formula_Practicals
A1: Row_Ref | B1: Booking_ID | C1: Customer_Name (XLOOKUP) | D1: Facility_Name (VLOOKUP) | E1: Vehicle_Type | F1: Duration_Hours | G1: Total_Amount | H1: Status | I1: Syllabus_IF (Settlement State) | J1: Syllabus_Nested_IF (Tier Rating) | K1: Syllabus_AND_OR (High-Yield Flag) | L1: Syllabus_IFERROR_Check | M1: Outlier_Flag (>3h Duration / Spike)
A2: R2 | B2: =Bookings_Data!A2 | C2: =XLOOKUP(Bookings_Data!B2, Customers!A:A, Customers!B:B, "Guest User") | D2: =VLOOKUP(Bookings_Data!C2, Locations!A:C, 3, FALSE) | E2: =Bookings_Data!F2 | F2: =Bookings_Data!I2 | G2: =Bookings_Data!N2 | H2: =Bookings_Data!O2 | I2: =IF(Bookings_Data!O2="COMPLETED", "Settled & Verified", "Unsettled / Pending") | J2: =IF(Bookings_Data!N2>250, "Tier 1 (Premium / Surge)", IF(Bookings_Data!N2>100, "Tier 2 (Standard)", "Tier 3 (Short-Stay)")) | K2: =IF(AND(Bookings_Data!N2>150, OR(Bookings_Data!F2="car", Bookings_Data!F2="ev")), "★ High-Yield Asset", "Standard Dwell") | L2: =IFERROR(VLOOKUP(Bookings_Data!C2, Locations!A:C, 3, FALSE), "Location Not Found") | M2: =IF(OR(Bookings_Data!I2>24, Bookings_Data!N2>1500), "🚨 STATISTICAL OUTLIER", "NORMAL")
A3: R3 | B3: =Bookings_Data!A3 | C3: =XLOOKUP(Bookings_Data!B3, Customers!A:A, Customers!B:B, "Guest User") | D3: =VLOOKUP(Bookings_Data!C3, Locations!A:C, 3, FALSE) | E3: =Bookings_Data!F3 | F3: =Bookings_Data!I3 | G3: =Bookings_Data!N3 | H3: =Bookings_Data!O3 | I3: =IF(Bookings_Data!O3="COMPLETED", "Settled & Verified", "Unsettled / Pending") | J3: =IF(Bookings_Data!N3>250, "Tier 1 (Premium / Surge)", IF(Bookings_Data!N3>100, "Tier 2 (Standard)", "Tier 3 (Short-Stay)")) | K3: =IF(AND(Bookings_Data!N3>150, OR(Bookings_Data!F3="car", Bookings_Data!F3="ev")), "★ High-Yield Asset", "Standard Dwell") | L3: =IFERROR(VLOOKUP(Bookings_Data!C3, Locations!A:C, 3, FALSE), "Location Not Found") | M3: =IF(OR(Bookings_Data!I3>24, Bookings_Data!N3>1500), "🚨 STATISTICAL OUTLIER", "NORMAL")
A4: R4 | B4: =Bookings_Data!A4 | C4: =XLOOKUP(Bookings_Data!B4, Customers!A:A, Customers!B:B, "Guest User") | D4: =VLOOKUP(Bookings_Data!C4, Locations!A:C, 3, FALSE) | E4: =Bookings_Data!F4 | F4: =Bookings_Data!I4 | G4: =Bookings_Data!N4 | H4: =Bookings_Data!O4 | I4: =IF(Bookings_Data!O4="COMPLETED", "Settled & Verified", "Unsettled / Pending") | J4: =IF(Bookings_Data!N4>250, "Tier 1 (Premium / Surge)", IF(Bookings_Data!N4>100, "Tier 2 (Standard)", "Tier 3 (Short-Stay)")) | K4: =IF(AND(Bookings_Data!N4>150, OR(Bookings_Data!F4="car", Bookings_Data!F4="ev")), "★ High-Yield Asset", "Standard Dwell") | L4: =IFERROR(VLOOKUP(Bookings_Data!C4, Locations!A:C, 3, FALSE), "Location Not Found") | M4: =IF(OR(Bookings_Data!I4>24, Bookings_Data!N4>1500), "🚨 STATISTICAL OUTLIER", "NORMAL")
A5: R5 | B5: =Bookings_Data!A5 | C5: =XLOOKUP(Bookings_Data!B5, Customers!A:A, Customers!B:B, "Guest User") | D5: =VLOOKUP(Bookings_Data!C5, Locations!A:C, 3, FALSE) | E5: =Bookings_Data!F5 | F5: =Bookings_Data!I5 | G5: =Bookings_Data!N5 | H5: =Bookings_Data!O5 | I5: =IF(Bookings_Data!O5="COMPLETED", "Settled & Verified", "Unsettled / Pending") | J5: =IF(Bookings_Data!N5>250, "Tier 1 (Premium / Surge)", IF(Bookings_Data!N5>100, "Tier 2 (Standard)", "Tier 3 (Short-Stay)")) | K5: =IF(AND(Bookings_Data!N5>150, OR(Bookings_Data!F5="car", Bookings_Data!F5="ev")), "★ High-Yield Asset", "Standard Dwell") | L5: =IFERROR(VLOOKUP(Bookings_Data!C5, Locations!A:C, 3, FALSE), "Location Not Found") | M5: =IF(OR(Bookings_Data!I5>24, Bookings_Data!N5>1500), "🚨 STATISTICAL OUTLIER", "NORMAL")
A6: R6 | B6: =Bookings_Data!A6 | C6: =XLOOKUP(Bookings_Data!B6, Customers!A:A, Customers!B:B, "Guest User") | D6: =VLOOKUP(Bookings_Data!C6, Locations!A:C, 3, FALSE) | E6: =Bookings_Data!F6 | F6: =Bookings_Data!I6 | G6: =Bookings_Data!N6 | H6: =Bookings_Data!O6 | I6: =IF(Bookings_Data!O6="COMPLETED", "Settled & Verified", "Unsettled / Pending") | J6: =IF(Bookings_Data!N6>250, "Tier 1 (Premium / Surge)", IF(Bookings_Data!N6>100, "Tier 2 (Standard)", "Tier 3 (Short-Stay)")) | K6: =IF(AND(Bookings_Data!N6>150, OR(Bookings_Data!F6="car", Bookings_Data!F6="ev")), "★ High-Yield Asset", "Standard Dwell") | L6: =IFERROR(VLOOKUP(Bookings_Data!C6, Locations!A:C, 3, FALSE), "Location Not Found") | M6: =IF(OR(Bookings_Data!I6>24, Bookings_Data!N6>1500), "🚨 STATISTICAL OUTLIER", "NORMAL")
A7: R7 | B7: =Bookings_Data!A7 | C7: =XLOOKUP(Bookings_Data!B7, Customers!A:A, Customers!B:B, "Guest User") | D7: =VLOOKUP(Bookings_Data!C7, Locations!A:C, 3, FALSE) | E7: =Bookings_Data!F7 | F7: =Bookings_Data!I7 | G7: =Bookings_Data!N7 | H7: =Bookings_Data!O7 | I7: =IF(Bookings_Data!O7="COMPLETED", "Settled & Verified", "Unsettled / Pending") | J7: =IF(Bookings_Data!N7>250, "Tier 1 (Premium / Surge)", IF(Bookings_Data!N7>100, "Tier 2 (Standard)", "Tier 3 (Short-Stay)")) | K7: =IF(AND(Bookings_Data!N7>150, OR(Bookings_Data!F7="car", Bookings_Data!F7="ev")), "★ High-Yield Asset", "Standard Dwell") | L7: =IFERROR(VLOOKUP(Bookings_Data!C7, Locations!A:C, 3, FALSE), "Location Not Found") | M7: =IF(OR(Bookings_Data!I7>24, Bookings_Data!N7>1500), "🚨 STATISTICAL OUTLIER", "NORMAL")
A8: R8 | B8: =Bookings_Data!A8 | C8: =XLOOKUP(Bookings_Data!B8, Customers!A:A, Customers!B:B, "Guest User") | D8: =VLOOKUP(Bookings_Data!C8, Locations!A:C, 3, FALSE) | E8: =Bookings_Data!F8 | F8: =Bookings_Data!I8 | G8: =Bookings_Data!N8 | H8: =Bookings_Data!O8 | I8: =IF(Bookings_Data!O8="COMPLETED", "Settled & Verified", "Unsettled / Pending") | J8: =IF(Bookings_Data!N8>250, "Tier 1 (Premium / Surge)", IF(Bookings_Data!N8>100, "Tier 2 (Standard)", "Tier 3 (Short-Stay)")) | K8: =IF(AND(Bookings_Data!N8>150, OR(Bookings_Data!F8="car", Bookings_Data!F8="ev")), "★ High-Yield Asset", "Standard Dwell") | L8: =IFERROR(VLOOKUP(Bookings_Data!C8, Locations!A:C, 3, FALSE), "Location Not Found") | M8: =IF(OR(Bookings_Data!I8>24, Bookings_Data!N8>1500), "🚨 STATISTICAL OUTLIER", "NORMAL")
A9: R9 | B9: =Bookings_Data!A9 | C9: =XLOOKUP(Bookings_Data!B9, Customers!A:A, Customers!B:B, "Guest User") | D9: =VLOOKUP(Bookings_Data!C9, Locations!A:C, 3, FALSE) | E9: =Bookings_Data!F9 | F9: =Bookings_Data!I9 | G9: =Bookings_Data!N9 | H9: =Bookings_Data!O9 | I9: =IF(Bookings_Data!O9="COMPLETED", "Settled & Verified", "Unsettled / Pending") | J9: =IF(Bookings_Data!N9>250, "Tier 1 (Premium / Surge)", IF(Bookings_Data!N9>100, "Tier 2 (Standard)", "Tier 3 (Short-Stay)")) | K9: =IF(AND(Bookings_Data!N9>150, OR(Bookings_Data!F9="car", Bookings_Data!F9="ev")), "★ High-Yield Asset", "Standard Dwell") | L9: =IFERROR(VLOOKUP(Bookings_Data!C9, Locations!A:C, 3, FALSE), "Location Not Found") | M9: =IF(OR(Bookings_Data!I9>24, Bookings_Data!N9>1500), "🚨 STATISTICAL OUTLIER", "NORMAL")
A10: R10 | B10: =Bookings_Data!A10 | C10: =XLOOKUP(Bookings_Data!B10, Customers!A:A, Customers!B:B, "Guest User") | D10: =VLOOKUP(Bookings_Data!C10, Locations!A:C, 3, FALSE) | E10: =Bookings_Data!F10 | F10: =Bookings_Data!I10 | G10: =Bookings_Data!N10 | H10: =Bookings_Data!O10 | I10: =IF(Bookings_Data!O10="COMPLETED", "Settled & Verified", "Unsettled / Pending") | J10: =IF(Bookings_Data!N10>250, "Tier 1 (Premium / Surge)", IF(Bookings_Data!N10>100, "Tier 2 (Standard)", "Tier 3 (Short-Stay)")) | K10: =IF(AND(Bookings_Data!N10>150, OR(Bookings_Data!F10="car", Bookings_Data!F10="ev")), "★ High-Yield Asset", "Standard Dwell") | L10: =IFERROR(VLOOKUP(Bookings_Data!C10, Locations!A:C, 3, FALSE), "Location Not Found") | M10: =IF(OR(Bookings_Data!I10>24, Bookings_Data!N10>1500), "🚨 STATISTICAL OUTLIER", "NORMAL")
A11: R11 | B11: =Bookings_Data!A11 | C11: =XLOOKUP(Bookings_Data!B11, Customers!A:A, Customers!B:B, "Guest User") | D11: =VLOOKUP(Bookings_Data!C11, Locations!A:C, 3, FALSE) | E11: =Bookings_Data!F11 | F11: =Bookings_Data!I11 | G11: =Bookings_Data!N11 | H11: =Bookings_Data!O11 | I11: =IF(Bookings_Data!O11="COMPLETED", "Settled & Verified", "Unsettled / Pending") | J11: =IF(Bookings_Data!N11>250, "Tier 1 (Premium / Surge)", IF(Bookings_Data!N11>100, "Tier 2 (Standard)", "Tier 3 (Short-Stay)")) | K11: =IF(AND(Bookings_Data!N11>150, OR(Bookings_Data!F11="car", Bookings_Data!F11="ev")), "★ High-Yield Asset", "Standard Dwell") | L11: =IFERROR(VLOOKUP(Bookings_Data!C11, Locations!A:C, 3, FALSE), "Location Not Found") | M11: =IF(OR(Bookings_Data!I11>24, Bookings_Data!N11>1500), "🚨 STATISTICAL OUTLIER", "NORMAL")
A12: R12 | B12: =Bookings_Data!A12 | C12: =XLOOKUP(Bookings_Data!B12, Customers!A:A, Customers!B:B, "Guest User") | D12: =VLOOKUP(Bookings_Data!C12, Locations!A:C, 3, FALSE) | E12: =Bookings_Data!F12 | F12: =Bookings_Data!I12 | G12: =Bookings_Data!N12 | H12: =Bookings_Data!O12 | I12: =IF(Bookings_Data!O12="COMPLETED", "Settled & Verified", "Unsettled / Pending") | J12: =IF(Bookings_Data!N12>250, "Tier 1 (Premium / Surge)", IF(Bookings_Data!N12>100, "Tier 2 (Standard)", "Tier 3 (Short-Stay)")) | K12: =IF(AND(Bookings_Data!N12>150, OR(Bookings_Data!F12="car", Bookings_Data!F12="ev")), "★ High-Yield Asset", "Standard Dwell") | L12: =IFERROR(VLOOKUP(Bookings_Data!C12, Locations!A:C, 3, FALSE), "Location Not Found") | M12: =IF(OR(Bookings_Data!I12>24, Bookings_Data!N12>1500), "🚨 STATISTICAL OUTLIER", "NORMAL")
A13: R13 | B13: =Bookings_Data!A13 | C13: =XLOOKUP(Bookings_Data!B13, Customers!A:A, Customers!B:B, "Guest User") | D13: =VLOOKUP(Bookings_Data!C13, Locations!A:C, 3, FALSE) | E13: =Bookings_Data!F13 | F13: =Bookings_Data!I13 | G13: =Bookings_Data!N13 | H13: =Bookings_Data!O13 | I13: =IF(Bookings_Data!O13="COMPLETED", "Settled & Verified", "Unsettled / Pending") | J13: =IF(Bookings_Data!N13>250, "Tier 1 (Premium / Surge)", IF(Bookings_Data!N13>100, "Tier 2 (Standard)", "Tier 3 (Short-Stay)")) | K13: =IF(AND(Bookings_Data!N13>150, OR(Bookings_Data!F13="car", Bookings_Data!F13="ev")), "★ High-Yield Asset", "Standard Dwell") | L13: =IFERROR(VLOOKUP(Bookings_Data!C13, Locations!A:C, 3, FALSE), "Location Not Found") | M13: =IF(OR(Bookings_Data!I13>24, Bookings_Data!N13>1500), "🚨 STATISTICAL OUTLIER", "NORMAL")
... A52: R52 | B52: =Bookings_Data!A52 | C52: =XLOOKUP(Bookings_Data!B52, Customers!A:A, Customers!B:B, "Guest User") | D52: =VLOOKUP(Bookings_Data!C52, Locations!A:C, 3, FALSE) | E52: =Bookings_Data!F52 | F52: =Bookings_Data!I52 | G52: =Bookings_Data!N52 | H52: =Bookings_Data!O52 | I52: =IF(Bookings_Data!O52="COMPLETED", "Settled & Verified", "Unsettled / Pending") | J52: =IF(Bookings_Data!N52>250, "Tier 1 (Premium / Surge)", IF(Bookings_Data!N52>100, "Tier 2 (Standard)", "Tier 3 (Short-Stay)")) | K52: =IF(AND(Bookings_Data!N52>150, OR(Bookings_Data!F52="car", Bookings_Data!F52="ev")), "★ High-Yield Asset", "Standard Dwell") | L52: =IFERROR(VLOOKUP(Bookings_Data!C52, Locations!A:C, 3, FALSE), "Location Not Found") | M52: =IF(OR(Bookings_Data!I52>24, Bookings_Data!N52>1500), "🚨 STATISTICAL OUTLIER", "NORMAL")

Sheet Summary_KPIs_Formulas
A1: Syllabus Function Category | B1: Business KPI Metric Description | C1: Active Excel Formula | D1: Computed Excel Value
A2: COUNTIF | B2: Total Completed Bookings | C2: =COUNTIF(Bookings_Data!O:O, "COMPLETED") | D2: =COUNTIF(Bookings_Data!O:O, "COMPLETED")
A3: COUNTIF | B3: Total Cancelled Bookings | C3: =COUNTIF(Bookings_Data!O:O, "CANCELLED") | D3: =COUNTIF(Bookings_Data!O:O, "CANCELLED")
A4: COUNTIFS | B4: Cancelled Four-Wheeler Reservations | C4: =COUNTIFS(Bookings_Data!F:F, "car", Bookings_Data!O:O, "CANCELLED") | D4: =COUNTIFS(Bookings_Data!F:F, "car", Bookings_Data!O:O, "CANCELLED")
A5: SUMIF | B5: Total Revenue from Electric Vehicles (EV) | C5: =SUMIF(Bookings_Data!F:F, "ev", Bookings_Data!N:N) | D5: =SUMIF(Bookings_Data!F:F, "ev", Bookings_Data!N:N)
A6: SUMIFS | B6: Realized Revenue (Car + Completed) | C6: =SUMIFS(Bookings_Data!N:N, Bookings_Data!F:F, "car", Bookings_Data!O:O, "COMPLETED") | D6: =SUMIFS(Bookings_Data!N:N, Bookings_Data!F:F, "car", Bookings_Data!O:O, "COMPLETED")
A7: AVERAGEIF | B7: Average Fee across Two-Wheelers (Bikes) | C7: =AVERAGEIF(Bookings_Data!F:F, "bike", Bookings_Data!N:N) | D7: =AVERAGEIF(Bookings_Data!F:F, "bike", Bookings_Data!N:N)
A8: AVERAGEIFS | B8: Average Completed Booking Fare (Cars) | C8: =AVERAGEIFS(Bookings_Data!N:N, Bookings_Data!F:F, "car", Bookings_Data!O:O, "COMPLETED") | D8: =AVERAGEIFS(Bookings_Data!N:N, Bookings_Data!F:F, "car", Bookings_Data!O:O, "COMPLETED")
A9: STATISTICAL (MEAN) | B9: Mean Parking Duration (Hours) | C9: =AVERAGE(Bookings_Data!I2:I501) | D9: =AVERAGE(Bookings_Data!I2:I501)
A10: STATISTICAL (MEDIAN) | B10: Median Parking Duration (Hours) | C10: =MEDIAN(Bookings_Data!I2:I501) | D10: =MEDIAN(Bookings_Data!I2:I501)
A11: STATISTICAL (MODE) | B11: Mode Duration (Most Frequent Dwell) | C11: =MODE.SNGL(Bookings_Data!I2:I501) | D11: =MODE.SNGL(Bookings_Data!I2:I501)
A12: STATISTICAL (MEAN) | B12: Mean Revenue per Booking (₹) | C12: =AVERAGE(Bookings_Data!N2:N501) | D12: =AVERAGE(Bookings_Data!N2:N501)
A13: STATISTICAL (MEDIAN) | B13: Median Revenue per Booking (₹) | C13: =MEDIAN(Bookings_Data!N2:N501) | D13: =MEDIAN(Bookings_Data!N2:N501)
A14: STATISTICAL (STDEV) | B14: Standard Deviation of Revenue (Sample) | C14: =STDEV.S(Bookings_Data!N2:N501) | D14: =STDEV.S(Bookings_Data!N2:N501)
A15: IQR OUTLIER DETECTION | B15: Q1 (25th Percentile Duration) | C15: =QUARTILE.INC(Bookings_Data!I2:I501, 1) | D15: =QUARTILE.INC(Bookings_Data!I2:I501, 1)
A16: IQR OUTLIER DETECTION | B16: Q3 (75th Percentile Duration) | C16: =QUARTILE.INC(Bookings_Data!I2:I501, 3) | D16: =QUARTILE.INC(Bookings_Data!I2:I501, 3)
A17: IQR OUTLIER DETECTION | B17: IQR (Inter-Quartile Range) | C17: =D16 - D15 | D17: =D16-D15
A18: IQR OUTLIER DETECTION | B18: Upper Fence Threshold (Q3 + 1.5*IQR) | C18: =D16 + (1.5 * D17) | D18: =D16+(1.5*D17)
A19: OUTLIERS COUNT | B19: Total Extreme Outliers Detected | C19: =COUNTIF(Formula_Practicals!M:M, "*OUTLIER*") | D19: =COUNTIF(Formula_Practicals!M:M, "*OUTLIER*")

Sheet Pivot_Guide_&_Scenarios
A1: Pivot Table Number | B1: Analysis Goal | C1: Rows (Grouping Dimension) | D1: Columns (Segmentation) | E1: Values (Aggregation Function) | F1: Report Filters / Slicers
A2: Pivot 1: Revenue by Facility & Vehicle | B2: Facility Revenue Performance Matrix | C2: Location_ID (or VLOOKUP Name) | D2: Vehicle_Type | E2: Sum of Total_Amount (Currency format) | F2: Status (Filter for COMPLETED)
A3: Pivot 2: Peak Hours vs Day-of-Week | B3: Ingress Velocity & Peak Density Heatmap | C3: Start_Time (Group by Hour 0-23) | D3: Start_Time (Group by Weekdays) | E3: Count of Booking_ID | F3: Location_ID
A4: Pivot 3: Lifecycle Conversion & Attrition | B4: Cancellation & No-Show Breakdown | C4: Location_ID | D4: Status | E4: Count of Booking_ID (% of Row) | F4: Vehicle_Type
A5: Pivot 4: Average Duration & Yield | B5: Dwell Time & Average Fare per Bay | C5: Vehicle_Type | D5: Surge_Multiplier | E5: Average of Duration_Hours, Average of Total_Amount | F5: Payment_Status = paid
